CustomerID,first_name,middle_name,last_name,Birth_date,gender,Address,City,stateid,ZipCode,phone_number,email
1000,Robby,Stearne,Samples,1/23/1968,Male,1 International Plaza,Little Rock,AR,72204,501-758-0097,ssamples0@g.co
1001,Ariel,Naoma,Castellanos,7/13/1960,Female,01 Clyde Gallagher Junction,Oklahoma City,OK,73135,405-922-6234,ncastellanos1@slideshare.net
1002,Porty,Mahmoud,Callen,6/8/1985,Male,0 Miller Plaza,Modesto,CA,95354,209-119-6055,mcallen2@taobao.com
1003,Patten,Vasili,Heaslip,12/15/1960,Male,6 Messerschmidt Plaza,Huntsville,AL,35895,256-152-8430,vheaslip3@merriam-webster.com
1004,Eamon,Harmon,Rance,10/12/1960,Male,161 1st Road,Fort Worth,TX,76198,682-747-1804,hrance4@businessweek.com
1005,Rodrigo,Verge,Trembey,5/7/1969,Male,2 Summerview Avenue,Philadelphia,PA,19160,215-285-2975,vtrembey5@addtoany.com
1006,Ki,Isahella,Treby,2/1/1989,Female,8 Butternut Court,Muskegon,MI,49444,231-800-0306,itreby6@ca.gov
1007,Kennedy,Yanaton,Osbourne,10/22/1981,Male,59576 Becker Terrace,South Bend,IN,46620,574-336-2844,yosbourne7@i2i.jp
1008,Imogen,Veronike,Ibbitt,1/10/1950,Female,7 Pearson Place,Durham,NC,27710,919-379-0198,vibbitt8@independent.co.uk
1009,Lannie,Meade,Denyer,5/3/1976,Male,07044 Hallows Point,Frederick,MD,21705,240-998-0770,mdenyer9@yahoo.co.jp
1010,Marquita,Isis,Ranstead,1/20/1985,Female,3920 Dennis Pass,Shreveport,LA,71137,318-811-8282,iransteada@artisteer.com
1011,Palm,Wendel,Le Gallo,8/23/1974,Male,06324 Carioca Alley,Boca Raton,FL,33487,561-491-9651,wlegallob@cocolog-nifty.com
1012,Vinni,Orsa,Karpf,12/24/1974,Female,91 Hansons Road,Las Vegas,NV,89160,702-735-9214,okarpfc@printfriendly.com
1013,Brannon,Roi,Luesley,6/17/1989,Male,93342 Corben Road,Miami,FL,33175,305-851-9487,rluesleyd@w3.org
1014,Bellina,Leticia,Finley,1/21/1956,Female,4 Atwood Terrace,Dallas,TX,75372,214-747-5073,lfinleye@mysql.com
1015,Arty,Shannan,Pendrid,5/1/1957,Male,7 Erie Trail,Tallahassee,FL,32309,850-702-8286,spendridf@hugedomains.com
1016,Rodina,Sile,Le Barre,8/31/1962,Female,83 Pankratz Park,San Antonio,TX,78278,210-949-0073,slebarreg@utexas.edu
1017,Morry,Kristopher,Lindenberg,7/16/1989,Male,75 Bunting Way,Irvine,CA,92717,714-240-8727,klindenbergh@live.com
1018,Gabey,Flss,Dominik,3/25/1971,Female,32 Sherman Drive,Jamaica,NY,11480,718-797-2959,fdominiki@gizmodo.com
1019,Boyce,Denice,Portress,2/5/1952,Genderfluid,65 Trailsway Trail,Greensboro,NC,27404,336-976-2284,dportressj@google.com.hk
1020,Frieda,Chloris,MacCart,1/6/1968,Female,40 International Point,Orlando,FL,32868,407-520-7990,cmaccartk@twitter.com
1021,Shaine,Helli,Tedridge,5/11/1969,Female,64 Anzinger Parkway,Wichita Falls,TX,76305,940-869-4541,htedridgel@state.gov
1022,Kiersten,Faustine,Shepard,4/27/1982,Female,48 Nevada Terrace,Hot Springs National Park,AR,71914,501-367-6998,fshepardm@fema.gov
1023,Eileen,Theadora,Cosins,12/22/1978,Female,066 Eagan Point,Portland,OR,97255,971-442-3317,tcosinsn@nasa.gov
1024,Ive,Angel,Harg,2/4/1988,Male,2 Vernon Crossing,Salinas,CA,93907,831-881-3084,ahargo@epa.gov
1025,Kale,Johann,Thumim,10/31/1982,Male,0 Paget Park,Oxnard,CA,93034,805-332-8279,jthumimp@walmart.com
1026,Mart,Mile,Graeber,11/20/1961,Male,0 Morning Park,Washington,DC,20442,202-874-0047,mgraeberq@icq.com
1027,Consuela,Nerti,Brimson,8/30/1952,Genderfluid,05 Southridge Plaza,Lansing,MI,48956,517-467-5911,nbrimsonr@homestead.com
1028,Nap,Henrik,McCullum,11/14/1962,Male,13555 Valley Edge Plaza,Detroit,MI,48224,586-568-5216,hmccullums@joomla.org
1029,Donall,Halsy,Grieg,9/23/1987,Male,64744 Little Fleur Point,Tucson,AZ,85754,520-401-4066,hgriegt@nasa.gov
1030,Amanda,Rollo,Kubacek,8/26/1985,Agender,39389 Marquette Trail,Dallas,TX,75397,214-850-2833,rkubaceku@linkedin.com
1031,Roosevelt,Ben,Matejka,12/24/1967,Bigender,9094 Claremont Circle,Green Bay,WI,54305,920-726-0072,bmatejkav@wix.com
1032,Olivie,Sunny,MacRannell,9/13/1956,Female,51 Marcy Place,New Orleans,LA,70160,504-351-7197,smacrannellw@hc360.com
1033,Alexis,Ward,Organer,3/23/1980,Male,18966 Acker Crossing,Pasadena,CA,91103,323-825-6240,worganerx@cnn.com
1034,Obadias,Izak,Chicotti,8/23/1970,Male,256 Melvin Drive,Gadsden,AL,35905,256-724-7103,ichicottiy@mashable.com
1035,Olva,Margaretha,Urrey,12/16/1972,Female,639 Trailsway Court,New York City,NY,10203,212-534-4140,murreyz@goodreads.com
1036,Jaclyn,Glynda,Rowston,5/3/1951,Female,0690 Steensland Alley,Houston,TX,77218,713-847-1494,growston10@booking.com
1037,Wileen,Chelsy,MacKill,5/4/1984,Female,708 Rockefeller Junction,Dallas,TX,75342,214-799-9434,cmackill11@squidoo.com
1038,Sean,Anica,Galvan,8/7/1954,Female,532 Knutson Place,Jacksonville,FL,32209,904-297-9948,agalvan12@archive.org
1039,Harwilll,Charlie,Abrashkov,5/11/1961,Male,3699 Ridgeview Place,Rockford,IL,61105,815-984-5293,cabrashkov13@examiner.com
1040,Alric,Elia,Nuccii,7/14/1984,Male,87891 Raven Road,Sacramento,CA,94263,916-889-5484,enuccii14@cdc.gov
1041,Andrea,Anni,Edgcombe,5/28/1950,Non-binary,6 Nancy Alley,Reno,NV,89510,775-742-9258,aedgcombe15@digg.com
1042,Ofilia,Yoshi,Josselson,6/26/1967,Female,5 Eggendart Lane,San Luis Obispo,CA,93407,805-316-2386,yjosselson16@flickr.com
1043,Bendick,Dorris,Bolmann,3/31/1981,Genderfluid,824 Shopko Point,Oklahoma City,OK,73179,405-589-9014,dbolmann17@google.it
1044,Tiebold,Benn,Streets,11/13/1984,Male,588 Briar Crest Center,Denton,TX,76205,940-222-7792,bstreets18@studiopress.com
1045,Matthaeus,Rorke,Kibbe,11/25/1970,Male,335 Lien Court,Bronx,NY,10454,718-248-2011,rkibbe19@jugem.jp
1046,Paulo,Way,Coakley,3/21/1982,Male,276 Armistice Hill,Sacramento,CA,94286,916-827-5959,wcoakley1a@about.me
1047,Lyssa,Josi,Huckfield,3/20/1980,Female,8 Farmco Lane,Huntsville,AL,35805,256-881-2861,jhuckfield1b@alibaba.com
1048,Corine,Ashely,Presman,1/17/1979,Female,110 Mandrake Avenue,Pittsburgh,PA,15240,412-397-3447,apresman1c@dagondesign.com
1049,Karney,Chaunce,Wordley,8/24/1965,Male,03 Fairview Park,Salt Lake City,UT,84152,801-167-5448,cwordley1d@mit.edu
1050,Boycie,Kellby,Izakof,1/23/1985,Male,4941 5th Point,Saint Paul,MN,55114,651-908-9672,kizakof1e@domainmarket.com
1051,Junie,Viviyan,Gohn,2/14/1981,Female,04844 Valley Edge Trail,Memphis,TN,38188,901-915-0262,vgohn1f@nytimes.com
1052,Blair,Claiborn,Ceschelli,1/20/1966,Male,2765 Scott Crossing,Arlington,VA,22217,571-991-0371,cceschelli1g@goodreads.com
1053,Josi,Hulda,Burdekin,8/19/1977,Female,704 Maryland Point,Duluth,GA,30195,770-843-0834,hburdekin1h@slate.com
1054,Doretta,Aurie,Bordes,10/12/1963,Female,1053 Saint Paul Alley,Atlanta,GA,31165,404-585-9425,abordes1i@example.com
1055,Theressa,Joey,Yurocjkin,2/19/1964,Female,314 Magdeline Trail,Houston,TX,77293,281-336-9753,jyurocjkin1j@google.ca
1056,Brewer,Fee,Lockey,6/15/1978,Male,07831 Roth Road,Jamaica,NY,11447,917-708-3028,flockey1k@xing.com
1057,Trueman,Dannie,Grishanin,9/8/1982,Male,520 Sage Parkway,Bronx,NY,10474,917-338-8795,dgrishanin1l@cisco.com
1058,Edyth,Molly,Nazaret,12/22/1955,Female,4913 Delaware Alley,Dayton,OH,45454,937-278-9519,mnazaret1m@fda.gov
1059,Nolana,Mackenzie,Luetchford,11/15/1980,Polygender,373 Annamark Terrace,Saint Louis,MO,63110,314-690-2329,mluetchford1n@unc.edu
1060,Dela,Lettie,Drysdell,2/1/1988,Female,03 Heath Junction,Kansas City,MO,64160,816-984-2113,ldrysdell1o@ow.ly
1061,Eudora,Cordula,Vaughten,9/24/1952,Female,1153 Holmberg Plaza,Long Beach,CA,90831,562-470-1821,cvaughten1p@hatena.ne.jp
1062,Andi,Stefanie,Andrewartha,6/23/1980,Female,18 Grover Hill,Corona,CA,92878,951-905-7867,sandrewartha1q@xrea.com
1063,Desdemona,Rene,Kynson,1/21/1968,Female,2 Dixon Place,Portland,OR,97286,503-758-9475,rkynson1r@naver.com
1064,Barrett,Jacky,Bremley,1/30/1957,Male,0724 Bunting Parkway,Wichita,KS,67210,316-829-3108,jbremley1s@globo.com
1065,Rurik,Ferdy,Vause,12/20/1981,Male,264 Grasskamp Way,Dallas,TX,75265,214-287-2554,fvause1t@so-net.ne.jp
1066,Isador,Ike,Demongeot,1/10/1966,Male,3655 Stang Lane,Memphis,TN,38188,901-971-2929,idemongeot1u@dedecms.com
1067,Lee,Yankee,Pilmoor,5/23/1975,Male,16404 Stoughton Park,Baltimore,MD,21282,410-500-0945,ypilmoor1v@phpbb.com
1068,Mordy,Parry,Crichley,10/12/1970,Male,13822 Butternut Parkway,Seattle,WA,98195,206-710-8643,pcrichley1w@webmd.com
1069,Thornie,Julian,Livingston,4/15/1967,Male,8 Heffernan Circle,Sandy,UT,84093,801-461-6708,jlivingston1x@dmoz.org
1070,Berri,Trude,Dunster,10/25/1953,Female,031 Clove Lane,Davenport,IA,52809,563-398-0639,tdunster1y@mashable.com
1071,Kylila,Joana,Pinckstone,9/10/1976,Female,95 Hazelcrest Trail,Daytona Beach,FL,32123,386-794-8100,jpinckstone1z@archive.org
1072,Nathalia,Gerrilee,Hyslop,9/8/1987,Female,9089 Burrows Hill,Las Vegas,NV,89110,702-721-9956,ghyslop20@umn.edu
1073,Adah,Bren,Scottesmoor,11/21/1987,Female,2 Mallard Place,San Francisco,CA,94132,415-391-1590,bscottesmoor21@goodreads.com
1074,Ginevra,Beverlee,Fruen,3/31/1978,Female,2 Red Cloud Center,Buffalo,NY,14215,716-830-5109,bfruen22@umn.edu
1075,Berkley,Mikol,Simic,7/25/1989,Male,9 Glacier Hill Pass,Mobile,AL,36605,251-191-8482,msimic23@shinystat.com
1076,Dara,Angelle,Tench,1/18/1990,Female,3 Sunbrook Crossing,Sacramento,CA,95838,916-890-4900,atench24@gov.uk
1077,Demetrius,Ernest,Harkes,8/10/1982,Male,235 Karstens Terrace,Des Moines,IA,50335,515-777-0828,eharkes25@prweb.com
1078,Raddy,Webster,Sutch,5/10/1982,Male,52 Northridge Court,Levittown,PA,19058,267-388-8433,wsutch26@google.com.br
1079,Erick,Konstantine,Raden,3/21/1955,Male,96631 Declaration Avenue,Los Angeles,CA,90015,323-315-8355,kraden27@tiny.cc
1080,Koressa,Collete,Fullerd,6/24/1960,Female,38700 Iowa Parkway,New York City,NY,10184,212-273-5540,cfullerd28@wired.com
1081,Ferdinanda,Sonia,Manvell,12/11/1959,Female,4807 Packers Park,Miami Beach,FL,33141,305-469-2329,smanvell29@amazon.com
1082,Roxanne,Junie,Noden,10/29/1980,Female,2 Artisan Junction,Orlando,FL,32854,407-290-2598,jnoden2a@nifty.com
1083,Eadith,Brigitta,Sket,3/16/1965,Female,99411 Esker Road,Peoria,IL,61605,309-941-7787,bsket2b@imdb.com
1084,Raoul,Olenolin,Sand,12/11/1973,Male,32 Hooker Place,Torrance,CA,90510,818-362-6669,osand2c@mlb.com
1085,Trumann,Quintin,Seares,5/5/1976,Male,12243 Vidon Lane,Modesto,CA,95397,209-406-6420,qseares2d@rakuten.co.jp
1086,Kennan,Vachel,Bourtoumieux,11/18/1981,Male,2077 Pennsylvania Terrace,Pensacola,FL,32590,850-907-2434,vbourtoumieux2e@oakley.com
1087,Pavel,Giffy,Calles,12/18/1986,Male,988 Continental Lane,Cheyenne,WY,82007,307-113-6019,gcalles2f@wordpress.com
1088,Valentine,Haywood,Caswell,2/2/1988,Male,542 Raven Circle,Saint Louis,MO,63131,636-524-4287,hcaswell2g@bloglovin.com
1089,Beaufort,Shelby,Redrup,12/5/1960,Male,9954 Reinke Way,Omaha,NE,68105,402-191-8358,sredrup2h@clickbank.net
1090,Gray,Fleur,Stitle,7/13/1964,Female,6 Rowland Parkway,Lubbock,TX,79410,806-505-6447,fstitle2i@google.com.br
1091,Broddie,Cad,Swigg,8/25/1967,Non-binary,1 Fordem Point,Farmington,MI,48335,248-262-7035,cswigg2j@indiatimes.com
1092,Jakie,Whit,Tybalt,9/23/1955,Male,33 Karstens Way,Atlanta,GA,30343,404-123-6111,wtybalt2k@feedburner.com
1093,Thor,Lyell,Pentony,8/4/1964,Male,7186 Eggendart Street,San Jose,CA,95150,408-789-0027,lpentony2l@ucla.edu
1094,Ardith,Kimberli,Kowalik,5/18/1988,Genderfluid,012 Hovde Junction,Atlanta,GA,30323,404-966-4845,kkowalik2m@etsy.com
1095,Lucilia,Eddy,Sollner,3/21/1973,Female,58832 Eastwood Place,Miami,FL,33164,786-504-4696,esollner2n@merriam-webster.com
1096,Jamima,Beverlee,Stebbings,7/27/1977,Female,7074 Karstens Parkway,Austin,TX,78764,512-901-9329,bstebbings2o@stanford.edu
1097,Carlen,Donnajean,Eytel,1/16/1965,Genderqueer,03666 Hanson Lane,Washington,DC,20016,202-742-6473,deytel2p@elpais.com
1098,Stuart,Hallsy,Scaddon,5/23/1967,Male,2930 Hoepker Place,Sioux Falls,SD,57193,605-695-9423,hscaddon2q@behance.net
1099,Cello,Stern,Lefeaver,10/4/1978,Male,0 Hooker Center,Saint Petersburg,FL,33715,727-501-1147,slefeaver2r@cbsnews.com
1100,Ashlin,Murvyn,Sharpin,5/27/1990,Male,040 Vera Park,Atlanta,GA,30311,678-669-7712,msharpin2s@rakuten.co.jp
1101,Jervis,Patty,Playfair,3/1/1986,Male,4 Straubel Junction,Modesto,CA,95397,209-734-3908,pplayfair2t@ycombinator.com
1102,Bruis,Steven,Strutley,7/16/1989,Male,5 Monument Point,Tallahassee,FL,32309,850-414-2894,sstrutley2u@mozilla.org
1103,El,Dominick,Ronchetti,2/16/1976,Male,76 Sherman Drive,Santa Fe,NM,87592,505-212-7333,dronchetti2v@devhub.com
1104,Quincey,Claybourne,Sayce,3/3/1982,Male,18548 Hovde Court,Oklahoma City,OK,73197,405-493-8523,csayce2w@tamu.edu
1105,Alyss,Jackqueline,Bailes,12/24/1963,Female,11 Maple Parkway,San Francisco,CA,94116,415-477-9710,jbailes2x@printfriendly.com
1106,Lindon,My,Schops,7/27/1985,Male,6461 Donald Avenue,Rochester,NY,14619,585-251-3272,mschops2y@wikimedia.org
1107,Matthew,Fairleigh,Stitson,3/20/1981,Male,8 North Terrace,Wichita,KS,67215,316-820-0692,fstitson2z@jalbum.net
1108,Sullivan,Alden,La Rosa,10/21/1987,Male,05886 Ryan Trail,Springfield,MA,1114,413-484-5247,alarosa30@gmpg.org
1109,Quinlan,Prince,Baggarley,10/2/1960,Male,41998 Dapin Lane,Chicago,IL,60624,312-775-3731,pbaggarley31@engadget.com
1110,Brodie,Nevil,Satchel,12/12/1984,Male,7133 Stephen Court,Wichita Falls,TX,76305,940-750-0201,nsatchel32@addthis.com
1111,Zebedee,Koenraad,Harbor,8/20/1956,Male,907 Thierer Crossing,Louisville,KY,40225,502-531-5215,kharbor33@google.de
1112,Philip,Karrie,Girone,6/2/1968,Polygender,63 Bay Plaza,San Bernardino,CA,92424,909-422-6776,kgirone34@clickbank.net
1113,Bernarr,Dimitry,Footitt,3/27/1954,Male,4 Jenifer Avenue,Springfield,IL,62723,217-755-7851,dfootitt35@skype.com
1114,Juanita,Natala,Vasse,9/5/1978,Female,30 Kinsman Trail,Lehigh Acres,FL,33972,863-157-9414,nvasse36@engadget.com
1115,Janot,Cherida,Mendez,4/29/1962,Female,43267 Dakota Center,Sacramento,CA,95818,530-176-2899,cmendez37@weebly.com
1116,Krystal,Meridith,Walewski,6/28/1962,Genderfluid,9434 Valley Edge Plaza,Atlanta,GA,31136,404-986-0329,mwalewski38@youku.com
1117,Tabina,Trina,Joska,11/3/1951,Female,14 Dunning Circle,Washington,DC,20088,202-574-2373,tjoska39@mlb.com
1118,Kary,Storm,Gajownik,12/15/1985,Female,34 Graedel Alley,Pompano Beach,FL,33069,754-649-2564,sgajownik3a@printfriendly.com
1119,Armstrong,Mark,Izod,8/27/1978,Male,5 Packers Parkway,Tampa,FL,33673,813-628-6122,mizod3b@hibu.com
1120,Tove,Carmen,Eadington,7/10/1951,Female,17647 Spohn Junction,Houston,TX,77260,713-178-5423,ceadington3c@cbc.ca
1121,Ken,Ermanno,Lowndsborough,11/20/1980,Male,90 Lake View Hill,Austin,TX,78754,512-995-8285,elowndsborough3d@icq.com
1122,Orella,Horatia,Kennard,8/2/1971,Female,33 Stoughton Parkway,Des Moines,IA,50393,515-778-7305,hkennard3e@storify.com
1123,Karney,Malachi,Baskerville,11/13/1964,Male,6087 Vera Parkway,Richmond,VA,23237,804-211-0244,mbaskerville3f@tripadvisor.com
1124,Rayshell,Kenna,Brandts,2/10/1959,Female,46 Sycamore Road,Houston,TX,77299,713-919-5926,kbrandts3g@paginegialle.it
1125,Kimmie,Delores,Silk,7/31/1989,Female,24413 Maple Plaza,Washington,DC,20205,202-102-7074,dsilk3h@privacy.gov.au
1126,Gale,Stanford,Smardon,2/15/1960,Genderqueer,5460 Butterfield Circle,Albany,NY,12227,518-165-6759,ssmardon3i@mtv.com
1127,Ferne,Rosaleen,Coucher,6/22/1974,Female,1 Melvin Court,Knoxville,TN,37931,865-206-5076,rcoucher3j@google.co.uk
1128,Say,Obadiah,Sloss,9/3/1986,Male,185 South Place,Kansas City,MO,64130,816-624-8742,osloss3k@google.pl
1129,Dale,Ciro,Cussen,4/12/1987,Male,551 Sauthoff Court,Levittown,PA,19058,267-661-0388,ccussen3l@house.gov
1130,Sherilyn,Pearl,Hardes,7/4/1974,Agender,3 Superior Place,Rochester,NY,14614,585-571-3047,phardes3m@elegantthemes.com
1131,Lanie,Curran,Henryson,7/27/1950,Male,87300 Spenser Terrace,Birmingham,AL,35242,205-906-2040,chenryson3n@furl.net
1132,Bogart,Kit,Reinhardt,7/6/1955,Male,0 Pepper Wood Trail,Washington,DC,20099,202-347-0597,kreinhardt3o@liveinternet.ru
1133,Earvin,Torrence,Chapiro,4/14/1971,Male,35 Jay Circle,Levittown,PA,19058,267-582-9384,tchapiro3p@adobe.com
1134,Kelcy,Alyson,Sewell,7/13/1970,Non-binary,846 Gale Lane,Tacoma,WA,98405,253-811-8447,asewell3q@fastcompany.com
1135,Kaylil,Joanie,O'Connel,3/29/1980,Female,62265 Grover Crossing,Fort Lauderdale,FL,33330,954-888-3785,joconnel3r@g.co
1136,Bogart,Shane,Lutwyche,6/23/1990,Non-binary,663 Lighthouse Bay Terrace,Wichita,KS,67230,316-896-6151,slutwyche3s@engadget.com
1137,Brook,Romola,Ghelarducci,9/6/1961,Non-binary,0671 South Pass,Bethesda,MD,20892,301-938-3370,rghelarducci3t@freewebs.com
1138,Murdoch,Ogden,Laba,12/16/1951,Male,7031 Stephen Point,Chattanooga,TN,37416,423-487-3106,olaba3u@tumblr.com
1139,Hermie,Brady,Jenne,8/16/1959,Male,8 Petterle Trail,Pasadena,CA,91199,626-116-3167,bjenne3v@globo.com
1140,Roxanna,Gar,Agget,6/23/1989,Genderqueer,8509 Leroy Avenue,Apache Junction,AZ,85219,480-222-2359,gagget3w@amazon.co.uk
1141,Arly,Rheta,Filipovic,7/4/1975,Female,50 Jana Junction,Detroit,MI,48295,313-580-3359,rfilipovic3x@globo.com
1142,Gilligan,Jaclyn,Toward,1/7/1971,Female,748 Hollow Ridge Drive,Texarkana,TX,75507,903-700-0778,jtoward3y@furl.net
1143,Cyndia,Penelopa,Lafontaine,5/15/1968,Female,01602 Meadow Vale Center,Denver,CO,80299,720-180-4772,plafontaine3z@sina.com.cn
1144,Bette-ann,Pammi,Gooddy,10/4/1986,Female,05242 Lakewood Gardens Avenue,Colorado Springs,CO,80995,719-878-6174,pgooddy40@simplemachines.org
1145,Agnes,Lilias,Gimson,6/16/1973,Female,05 Chive Parkway,Morgantown,WV,26505,304-818-4656,lgimson41@wufoo.com
1146,Devonne,Fenelia,Kerman,1/30/1951,Female,4180 Maywood Way,Erie,PA,16534,814-990-6106,fkerman42@networksolutions.com
1147,Beatrix,Lebbie,Mordaunt,12/27/1990,Female,9 Claremont Circle,Memphis,TN,38181,901-712-6594,lmordaunt43@hp.com
1148,Brander,Jo,Garatty,9/17/1978,Male,99 Anhalt Crossing,Chico,CA,95973,916-377-1254,jgaratty44@e-recht24.de
1149,Chrissie,Catina,Greeve,7/9/1985,Female,43 Dennis Parkway,Houston,TX,77040,281-664-0552,cgreeve45@forbes.com
1150,Max,Sissy,Swadon,11/29/1970,Female,6263 Farmco Pass,Midland,TX,79710,432-112-5739,sswadon46@ibm.com
1151,Bald,Mahmoud,Fosserd,5/18/1952,Male,45 Fuller Junction,Indianapolis,IN,46216,317-544-2635,mfosserd47@epa.gov
1152,Hillie,Reinhard,Jeannin,12/19/1951,Male,2 Huxley Pass,Iowa City,IA,52245,319-789-1297,rjeannin48@adobe.com
1153,Jarrad,Delcina,Quinet,1/1/1954,Non-binary,9 Welch Crossing,Tucson,AZ,85710,520-583-4739,dquinet49@webs.com
1154,Roland,Bidget,Schulze,5/20/1980,Polygender,543 Troy Junction,Jamaica,NY,11431,212-886-9728,bschulze4a@jigsy.com
1155,Lyle,Krishna,Sprowle,3/31/1970,Male,67461 Meadow Vale Road,Washington,DC,20525,202-454-4771,ksprowle4b@webeden.co.uk
1156,Hephzibah,Jackquelin,Eilhermann,6/7/1961,Female,3 Moulton Road,Fort Worth,TX,76134,817-941-0458,jeilhermann4c@thetimes.co.uk
1157,Florie,Frederique,Fudger,3/8/1962,Female,5 Spaight Lane,Glendale,AZ,85311,602-924-0077,ffudger4d@mozilla.com
1158,Nertie,Marlie,Widger,8/24/1977,Female,8289 Grover Road,San Diego,CA,92137,619-321-7026,mwidger4e@salon.com
1159,Madelaine,Erin,Chasteau,9/3/1961,Genderfluid,823 Messerschmidt Park,Indianapolis,IN,46278,317-835-2269,echasteau4f@google.cn
1160,Annamaria,Myra,Healing,5/4/1973,Female,66 3rd Avenue,Nashville,TN,37205,615-471-5855,mhealing4g@pbs.org
1161,Jeniffer,Janie,Speares,12/21/1984,Bigender,62 Iowa Park,San Antonio,TX,78210,210-523-3354,jspeares4h@twitpic.com
1162,Christyna,Shandie,Jahns,3/7/1977,Female,41 Maple Wood Junction,Corpus Christi,TX,78426,361-145-0732,sjahns4i@usnews.com
1163,Ardella,Dorena,Earthfield,11/24/1957,Female,49741 Loeprich Road,Wichita Falls,TX,76310,940-925-5109,dearthfield4j@ezinearticles.com
1164,Flemming,Gallard,Fullilove,1/29/1956,Male,9 Drewry Point,Honolulu,HI,96845,808-506-6204,gfullilove4k@yale.edu
1165,Pegeen,Wallis,Cassel,5/25/1982,Female,9 Waywood Parkway,Sacramento,CA,94280,916-523-2656,wcassel4l@ustream.tv
1166,Jorgan,Baldwin,Cavil,3/2/1952,Male,9 Lawn Plaza,Austin,TX,78764,512-179-9402,bcavil4m@printfriendly.com
1167,Roarke,Nap,Blasl,6/30/1964,Male,01 Reindahl Crossing,Dallas,TX,75205,469-348-2287,nblasl4n@reuters.com
1168,Opalina,Patience,Dudenie,12/23/1975,Female,95127 Amoth Junction,Long Beach,CA,90805,562-776-1950,pdudenie4o@xinhuanet.com
1169,Constantino,Hermy,Itscovitz,12/9/1972,Male,6306 Graceland Drive,Phoenix,AZ,85045,602-442-0146,hitscovitz4p@cloudflare.com
1170,Carmella,Twyla,Clowton,10/3/1961,Female,32602 Menomonie Place,Spartanburg,SC,29305,864-434-3805,tclowton4q@qq.com
1171,Siusan,Sidonnie,Voyce,6/30/1965,Female,0002 Bayside Terrace,Des Moines,IA,50369,515-482-9647,svoyce4r@sphinn.com
1172,Berty,Courtney,Gillbard,12/13/1958,Male,62921 Upham Pass,Round Rock,TX,78682,512-365-0503,cgillbard4s@indiegogo.com
1173,Ram,Hernando,Ridolfi,5/7/1960,Male,7 Main Junction,San Diego,CA,92191,619-449-6886,hridolfi4t@a8.net
1174,Basilius,Kahlil,Cookney,4/17/1985,Male,06422 Ronald Regan Court,Fort Smith,AR,72905,479-793-6640,kcookney4u@ovh.net
1175,Jude,Flemming,Swanston,4/22/1981,Agender,270 Redwing Street,Honolulu,HI,96835,808-580-7902,fswanston4v@netscape.com
1176,Olva,Verena,Symmers,11/25/1988,Female,10104 Nancy Place,El Paso,TX,79905,915-266-9596,vsymmers4w@umich.edu
1177,Jacquelyn,Blythe,Likly,3/11/1972,Female,11538 Autumn Leaf Parkway,Fort Collins,CO,80525,970-215-6559,blikly4x@cnn.com
1178,Eal,Lance,Flipek,1/16/1984,Non-binary,33776 Carpenter Road,Pittsburgh,PA,15255,412-513-7249,lflipek4y@1und1.de
1179,Caritta,Antonina,Rediers,4/5/1987,Female,17 Shoshone Drive,El Paso,TX,79923,915-586-4599,arediers4z@nhs.uk
1180,Drusie,Rycca,Soloway,8/2/1980,Female,442 Novick Circle,Washington,DC,20546,202-249-8141,rsoloway50@tmall.com
1181,Derward,Wainwright,Eberdt,1/9/1973,Male,693 Lindbergh Plaza,Miami,FL,33261,305-396-3916,weberdt51@nifty.com
1182,Sara-ann,Rochette,Crummie,4/7/1965,Female,0 Ilene Street,Akron,OH,44321,330-257-7084,rcrummie52@privacy.gov.au
1183,Lester,Yank,Thaxter,2/8/1964,Male,677 Badeau Plaza,Saint Louis,MO,63167,314-927-5797,ythaxter53@amazon.com
1184,Patin,Phillipe,Kennealy,4/27/1951,Male,39122 Donald Road,Fort Worth,TX,76105,817-403-2591,pkennealy54@cnn.com
1185,Patrice,Wallie,Nurcombe,7/31/1971,Male,205 Mifflin Park,Aurora,IL,60505,312-956-9219,wnurcombe55@tmall.com
1186,Jasun,Jecho,Creany,11/3/1982,Male,44 Troy Center,Houston,TX,77250,713-584-4114,jcreany56@apple.com
1187,Mavis,Verine,Prince,3/18/1981,Female,22 Melby Park,Atlanta,GA,31132,404-873-4725,vprince57@marketwatch.com
1188,Trixy,Regine,Trevithick,9/23/1965,Female,46072 Hayes Court,Grand Forks,ND,58207,701-573-5735,rtrevithick58@networksolutions.com
1189,Ignatius,Joel,Prigg,4/29/1959,Male,069 Bluestem Road,Denton,TX,76205,682-810-8581,jprigg59@theatlantic.com
1190,Carmencita,Marian,Cribbins,11/6/1954,Female,83669 Monument Lane,Lansing,MI,48930,517-319-2551,mcribbins5a@wufoo.com
1191,Celesta,Barbaraanne,Markwick,4/20/1969,Female,581 Blue Bill Park Place,Santa Fe,NM,87505,505-757-3950,bmarkwick5b@e-recht24.de
1192,Jamaal,Byron,Barabisch,2/27/1976,Male,35 Swallow Way,Bryan,TX,77806,979-745-5011,bbarabisch5c@apple.com
1193,Pierre,Frazer,Woodison,9/22/1956,Male,55 Corry Way,Memphis,TN,38119,615-470-4399,fwoodison5d@uiuc.edu
1194,Bell,Gayla,Goodfield,11/12/1965,Female,030 Nancy Point,Lincoln,NE,68583,402-128-7086,ggoodfield5e@tripadvisor.com
1195,Joly,Dorry,Gendrich,8/28/1984,Female,1 Mallory Way,Reston,VA,20195,703-836-7719,dgendrich5f@vinaora.com
1196,Modestine,Tani,Schukert,4/26/1968,Female,5149 Di Loreto Road,West Palm Beach,FL,33405,561-253-6697,tschukert5g@1688.com
1197,Ivy,Liliane,De La Cote,8/1/1974,Female,97 Shopko Street,Lincoln,NE,68505,402-245-0732,ldelacote5h@vinaora.com
1198,Giffard,Alair,Wheelan,3/25/1975,Male,34 Hovde Terrace,Pensacola,FL,32590,850-784-0191,awheelan5i@macromedia.com
1199,Herta,Darelle,Ratchford,9/25/1954,Female,15 Westerfield Circle,Washington,DC,20414,202-886-0220,dratchford5j@discovery.com
1200,Stanly,Lilian,Waulker,11/7/1963,Non-binary,9 Hovde Alley,Minneapolis,MN,55402,651-334-9161,lwaulker5k@homestead.com
1201,Mora,Konstanze,Craighead,6/7/1990,Female,63 Summit Lane,Bloomington,IL,61709,309-508-2989,kcraighead5l@theglobeandmail.com
1202,Merrielle,Lucita,Stannah,7/22/1982,Genderfluid,0058 Crescent Oaks Circle,Greenville,SC,29615,864-447-6607,lstannah5m@last.fm
1203,Valina,Idaline,Boland,3/31/1983,Female,22746 Corben Circle,Gary,IN,46406,219-905-6819,iboland5n@xinhuanet.com
1204,Delmor,Ancell,Bothams,8/18/1974,Male,1 Tennessee Street,Houston,TX,77218,713-942-8773,abothams5o@51.la
1205,Inness,Mannie,Dosdill,2/17/1980,Male,1 Blaine Avenue,Cincinnati,OH,45296,513-181-6033,mdosdill5p@biglobe.ne.jp
1206,Vikki,Dacey,Altham,9/21/1986,Female,2228 Dixon Drive,New Orleans,LA,70116,504-834-0339,daltham5q@wsj.com
1207,Wanids,Monique,Margetts,11/13/1965,Female,45652 Waywood Terrace,Memphis,TN,38114,901-154-3497,mmargetts5r@gizmodo.com
1208,Harley,Sid,St. Pierre,7/9/1988,Male,01 Mockingbird Hill,Philadelphia,PA,19104,215-955-6451,sstpierre5s@wordpress.com
1209,Jaime,Chelsey,Calcott,1/18/1989,Female,1 Dovetail Way,Miami,FL,33164,786-612-9511,ccalcott5t@github.io
1210,Brenn,Shannon,Rojel,6/3/1988,Female,73 3rd Terrace,Spokane,WA,99210,509-950-2723,srojel5u@desdev.cn
1211,Kaylil,Lanni,Life,10/26/1960,Female,43473 Elmside Trail,Topeka,KS,66642,785-181-6816,llife5v@behance.net
1212,Curt,Lane,Shurey,10/23/1971,Male,45 Wayridge Center,Pittsburgh,PA,15250,412-460-5208,lshurey5w@cyberchimps.com
1213,Lawton,Renata,MacIllrick,9/23/1976,Agender,76 Pearson Park,Anderson,IN,46015,765-676-0400,rmacillrick5x@mediafire.com
1214,Neil,Zed,Gallimore,4/3/1959,Male,32 Clemons Court,Staten Island,NY,10310,718-600-9693,zgallimore5y@weebly.com
1215,Brana,Donnajean,Sprason,2/11/1960,Female,17903 Glendale Crossing,Jefferson City,MO,65110,573-501-4671,dsprason5z@digg.com
1216,Melisenda,Rianon,De Bernardi,4/26/1951,Female,85 Nelson Center,Elizabeth,NJ,7208,908-783-2219,rdebernardi60@hostgator.com
1217,Sisely,Courtney,Pavek,6/14/1971,Female,89131 Maple Wood Terrace,Pasadena,CA,91103,323-207-0429,cpavek61@wunderground.com
1218,Terrye,Cassaundra,Pendlington,3/11/1955,Female,36712 Laurel Trail,Largo,FL,34643,727-813-5229,cpendlington62@4shared.com
1219,Julieta,Laina,Ary,8/19/1984,Female,56 Killdeer Lane,El Paso,TX,88546,915-524-2314,lary63@hugedomains.com
1220,Silvain,Bennett,Thompson,4/15/1981,Male,3 Burrows Circle,Erie,PA,16534,814-714-9349,bthompson64@umn.edu
1221,Misty,Missy,Keizman,1/26/1965,Female,499 Maple Road,El Paso,TX,88584,915-139-7682,mkeizman65@skype.com
1222,Jillayne,Max,Evenden,5/23/1960,Female,62 Scott Junction,Battle Creek,MI,49018,269-163-2544,mevenden66@instagram.com
1223,Hobie,Jedidiah,Crosswaite,12/26/1986,Male,8164 Village Parkway,Amarillo,TX,79159,806-627-8044,jcrosswaite67@reuters.com
1224,Ashlan,Rhody,Stammirs,12/19/1985,Genderqueer,343 Crescent Oaks Park,Cincinnati,OH,45208,513-805-0306,rstammirs68@unblog.fr
1225,Felice,Lannie,Baddam,8/29/1958,Male,497 Donald Court,Appleton,WI,54915,920-207-3619,lbaddam69@usatoday.com
1226,Celestina,Lucila,Stryde,9/30/1967,Female,3 Westridge Trail,Ventura,CA,93005,805-864-3276,lstryde6a@psu.edu
1227,Merci,Maryanne,Gailor,3/29/1963,Female,090 Westridge Point,Atlanta,GA,30356,404-309-8328,mgailor6b@biblegateway.com
1228,Ulrich,Wiatt,Gazey,3/23/1951,Male,76483 Waxwing Plaza,Paterson,NJ,7544,862-492-0686,wgazey6c@ask.com
1229,Cayla,Fiann,Pawlett,3/2/1974,Agender,51171 Porter Hill,Elizabeth,NJ,7208,908-972-3841,fpawlett6d@macromedia.com
1230,Kelci,Philipa,Alves,1/6/1963,Polygender,9075 Emmet Crossing,Cumming,GA,30130,706-621-3661,palves6e@sourceforge.net
1231,Phip,Delmor,Greatbanks,1/8/1957,Male,11387 Grim Parkway,Columbia,SC,29225,803-664-7557,dgreatbanks6f@nps.gov
1232,Cesare,Pascale,Leng,3/28/1988,Male,36 Rowland Way,York,PA,17405,717-265-0926,pleng6g@hatena.ne.jp
1233,Cornie,Cull,Ireland,3/22/1964,Male,6517 Starling Trail,Alhambra,CA,91841,626-616-0321,cireland6h@bing.com
1234,Mitch,Paxon,Beamson,10/26/1968,Male,25 Veith Lane,Santa Barbara,CA,93111,805-411-8586,pbeamson6i@livejournal.com
1235,Rafaelita,Tobi,Malkie,10/16/1983,Female,299 Wayridge Plaza,Houston,TX,77060,281-449-3353,tmalkie6j@reference.com
1236,Clywd,Guillaume,Climer,4/14/1978,Male,4268 Farmco Road,Paterson,NJ,7522,201-207-2171,gclimer6k@buzzfeed.com
1237,Patty,Florri,Fallen,5/13/1965,Female,5596 Lillian Terrace,Saint Paul,MN,55127,612-790-9105,ffallen6l@vistaprint.com
1238,Farrel,Abram,Keyzman,2/27/1984,Male,3403 Badeau Pass,Saint Louis,MO,63150,314-890-5474,akeyzman6m@acquirethisname.com
1239,Valene,Flo,Dwane,8/15/1983,Female,95 Mallard Avenue,Jacksonville,FL,32244,904-647-1282,fdwane6n@admin.ch
1240,Cherey,Stephi,Latter,7/3/1961,Female,9 Sage Lane,Chicago,IL,60646,773-156-3910,slatter6o@storify.com
1241,Pammy,Barbara-anne,Ranson,7/21/1973,Female,32372 Morning Road,Vero Beach,FL,32964,772-542-1360,branson6p@smh.com.au
1242,Denyse,Torey,Beldum,8/6/1982,Female,75 Vahlen Junction,San Diego,CA,92132,858-329-1487,tbeldum6q@discovery.com
1243,Sly,Tyrus,Ciraldo,8/12/1968,Male,043 Sauthoff Terrace,Oklahoma City,OK,73190,405-307-4788,tciraldo6r@macromedia.com
1244,Chloe,Bette,Sach,2/20/1983,Female,572 Randy Court,Austin,TX,78754,512-421-4315,bsach6s@mashable.com
1245,Randy,Lyndsey,Tonn,7/25/1973,Female,4 Boyd Drive,Roanoke,VA,24024,540-905-8074,ltonn6t@etsy.com
1246,Mayer,Yule,Monger,1/3/1976,Male,96856 Hoffman Way,Moreno Valley,CA,92555,951-693-9564,ymonger6u@illinois.edu
1247,Robinett,Loria,Hartropp,1/31/1966,Female,4409 Welch Plaza,Los Angeles,CA,90020,310-825-5718,lhartropp6v@quantcast.com
1248,Timmy,Aldridge,Durak,6/20/1971,Male,23756 Oak Place,Salt Lake City,UT,84170,801-945-7599,adurak6w@yellowpages.com
1249,Eddie,Cornie,Chess,10/1/1964,Male,39528 Eagan Center,Spokane,WA,99252,509-812-5034,cchess6x@a8.net
1250,Damara,Christabel,Cranmore,4/4/1958,Female,201 Stang Plaza,Lincoln,NE,68517,402-582-9674,ccranmore6y@tinypic.com
1251,Giorgio,Sigmund,Peppard,8/6/1977,Male,918 Delladonna Terrace,Indianapolis,IN,46278,317-706-5224,speppard6z@slideshare.net
1252,Joshua,Hasty,Casebourne,6/5/1974,Male,35173 Farragut Terrace,Asheville,NC,28815,828-660-4599,hcasebourne70@bluehost.com
1253,Thomas,Ive,Shackleford,9/7/1959,Male,66 Bluestem Pass,San Antonio,TX,78205,210-467-9461,ishackleford71@chron.com
1254,Jennine,Elie,Zamboniari,6/24/1983,Female,86986 Manufacturers Court,Carson City,NV,89714,775-868-5235,ezamboniari72@state.gov
1255,Britta,Godfry,Cockell,5/1/1958,Genderqueer,439 Dwight Junction,Gadsden,AL,35905,256-502-8217,gcockell73@tumblr.com
1256,Vernor,Donaugh,Effnert,12/3/1958,Male,01427 Mesta Lane,Akron,OH,44393,234-535-6447,deffnert74@samsung.com
1257,Lief,Granger,Bulger,11/23/1965,Genderfluid,818 Butternut Plaza,Cincinnati,OH,45213,513-406-5206,gbulger75@gnu.org
1258,Oliver,Elton,Layton,8/10/1979,Male,13395 Pearson Parkway,Ann Arbor,MI,48107,734-912-7426,elayton76@usgs.gov
1259,Julie,Claire,Weatherby,3/7/1980,Female,5 Melby Lane,Kent,WA,98042,425-445-7893,cweatherby77@linkedin.com
1260,Francklyn,Jaye,Aynold,3/18/1966,Male,214 Dahle Center,Baltimore,MD,21229,410-511-9149,jaynold78@xrea.com
1261,Lorens,Gerri,Jacquemet,1/10/1963,Male,1131 Emmet Pass,Houston,TX,77288,713-201-0694,gjacquemet79@miitbeian.gov.cn
1262,Drud,Keen,Le Noir,5/18/1967,Male,2 Twin Pines Court,Pompano Beach,FL,33075,754-848-1805,klenoir7a@flavors.me
1263,Cacilie,Velma,Adshad,9/7/1977,Female,404 Comanche Court,New York City,NY,10150,212-648-1508,vadshad7b@phoca.cz
1264,Tami,Cam,Benesevich,1/5/1970,Female,64 Sutteridge Place,Springfield,IL,62776,217-298-2156,cbenesevich7c@economist.com
1265,Joanie,Bellanca,Suggett,5/5/1965,Female,89 Michigan Trail,Tucson,AZ,85732,520-481-4225,bsuggett7d@constantcontact.com
1266,Brinna,Constancia,Faucherand,2/17/1970,Female,1445 Blackbird Alley,Macon,GA,31217,478-549-4259,cfaucherand7e@behance.net
1267,Shepherd,Seumas,Welland,2/10/1969,Genderfluid,4 Roxbury Plaza,College Station,TX,77844,979-199-7254,swelland7f@vinaora.com
1268,Bridgette,Catriona,Lifsey,12/13/1987,Female,9042 Dorton Trail,Longview,TX,75605,903-355-1783,clifsey7g@berkeley.edu
1269,Vasily,Damian,Coughan,9/6/1982,Male,2185 Harper Parkway,Oklahoma City,OK,73179,405-352-9797,dcoughan7h@bbc.co.uk
1270,Bing,Lyon,Stollman,4/8/1963,Male,129 Rigney Place,Buffalo,NY,14205,716-117-4535,lstollman7i@123-reg.co.uk
1271,Sharlene,Arty,Skunes,8/8/1981,Genderqueer,086 Old Gate Road,Phoenix,AZ,85030,602-363-7949,askunes7j@lycos.com
1272,Nolan,Prince,Mingo,5/2/1985,Male,9027 Spenser Junction,Birmingham,AL,35244,205-151-5746,pmingo7k@dailymotion.com
1273,Jo-anne,Anthiathia,Licquorish,10/25/1989,Female,15 Bay Parkway,Jacksonville,FL,32225,904-814-1978,alicquorish7l@cargocollective.com
1274,Reinaldos,Adrien,Yapp,4/30/1968,Male,86 Katie Junction,Clearwater,FL,33763,727-812-0677,ayapp7m@com.com
1275,Killy,Rad,Fardy,4/28/1989,Male,48740 Randy Plaza,Falls Church,VA,22047,571-737-6684,rfardy7n@abc.net.au
1276,Wade,Eddie,Ales0,8/10/1952,Male,9065 Commercial Street,Atlanta,GA,30380,404-846-5189,eales7o@theguardian.com
1277,Tully,Kleon,Duddin,12/19/1953,Male,01746 Johnson Way,New York City,NY,10170,212-304-3208,kduddin7p@wunderground.com
1278,Stanley,Neal,Boxill,9/25/1970,Male,569 Kennedy Trail,Chicago,IL,60674,312-703-8789,nboxill7q@howstuffworks.com
1279,Carline,Beatriz,Cockren,6/16/1971,Genderqueer,53610 Killdeer Junction,Wilkes Barre,PA,18763,570-213-9147,bcockren7r@sciencedirect.com
1280,Tamra,Coralie,Akam,6/17/1957,Female,1 Summit Park,Dayton,OH,45440,937-642-4530,cakam7s@guardian.co.uk
1281,Augustus,Pace,Sellers,8/17/1955,Genderqueer,2 Mandrake Hill,Bronx,NY,10469,917-867-2547,psellers7t@google.com.br
1282,Ann-marie,Elsbeth,Deniset,12/28/1952,Female,586 Blaine Road,Orlando,FL,32854,407-505-5321,edeniset7u@telegraph.co.uk
1283,Timmie,Broddie,Bowcher,1/16/1982,Agender,21579 Dapin Junction,Des Moines,IA,50335,515-196-1937,bbowcher7v@lycos.com
1284,Buffy,Brita,Cisland,8/28/1984,Female,479 Mesta Plaza,Missoula,MT,59806,406-530-8470,bcisland7w@irs.gov
1285,Susanna,Stoddard,Czadla,5/17/1972,Female,656 Killdeer Parkway,Denton,TX,76205,682-183-2726,sczadla7x@xing.com
1286,Cull,Barn,Sarney,6/20/1965,Male,10559 American Lane,Charleston,SC,29411,843-584-6827,bsarney7y@mozilla.org
1287,Odie,Marcus,Chrestien,8/8/1957,Male,6371 Pleasure Drive,Kansas City,MO,64114,816-772-7998,mchrestien7z@ucoz.com
1288,Edwina,Malena,Tackell,7/18/1983,Female,54946 Rutledge Avenue,San Diego,CA,92160,619-370-6040,mtackell80@cbslocal.com
1289,Kilian,Welsh,Risley,1/3/1976,Male,72961 Dottie Way,Scottsdale,AZ,85271,480-899-9240,wrisley81@a8.net
1290,Kay,Cordi,Beasant,3/31/1970,Bigender,45746 Morning Junction,Cincinnati,OH,45249,513-647-8070,cbeasant82@loc.gov
1291,Lefty,Alleyn,Royston,1/5/1970,Male,227 Veith Way,Columbus,GA,31914,706-436-0773,aroyston83@ycombinator.com
1292,Torre,Charles,Hunston,3/20/1976,Male,4777 Grasskamp Court,Riverside,CA,92505,909-138-4915,chunston84@hhs.gov
1293,Jacenta,Celene,Andrez,3/6/1950,Genderqueer,41849 Nancy Parkway,Huntington,WV,25705,304-587-5701,candrez85@addtoany.com
1294,Birch,Maddy,Magister,3/24/1950,Male,9204 8th Court,Grand Rapids,MI,49560,616-408-4182,mmagister86@who.int
1295,Reeba,Faun,Snoad,11/13/1989,Female,6283 Garrison Center,Wichita,KS,67260,316-888-4988,fsnoad87@sitemeter.com
1296,Marven,Say,Raysdale,6/1/1964,Male,3850 Manitowish Crossing,New York City,NY,10045,917-491-5108,sraysdale88@php.net
1297,Jeanette,Tremaine,Langstone,11/30/1975,Genderfluid,3511 Hollow Ridge Point,Charlotte,NC,28215,704-249-2704,tlangstone89@harvard.edu
1298,Sidonia,Rebeka,Denyukin,9/18/1951,Female,96879 Crowley Junction,Melbourne,FL,32941,321-829-8255,rdenyukin8a@last.fm
1299,Hayden,Yelena,Freddi,6/5/1982,Genderqueer,9432 Green Alley,El Paso,TX,88553,915-982-7602,yfreddi8b@census.gov
1300,Andi,Cherrita,Ramard,6/21/1968,Female,39007 Manitowish Center,Pittsburgh,PA,15220,412-370-8687,cramard8c@people.com.cn
1301,Aile,Elva,Blythin,2/10/1985,Female,383 Lakewood Gardens Park,Fort Myers,FL,33994,239-962-6928,eblythin8d@alibaba.com
1302,Hartwell,Will,Eagger,3/30/1980,Male,72 Nevada Center,Colorado Springs,CO,80920,719-437-4951,weagger8e@photobucket.com
1303,Reinald,Olin,Eggerton,10/3/1959,Male,34142 Novick Terrace,Grand Rapids,MI,49560,616-129-4610,oeggerton8f@technorati.com
1304,Constance,Corry,Headan,11/26/1970,Agender,35 Surrey Point,Tulsa,OK,74184,918-377-4152,cheadan8g@dot.gov
1305,Colet,Von,Mabone,5/1/1967,Male,472 Badeau Terrace,Houston,TX,77065,713-286-6715,vmabone8h@spotify.com
1306,Adam,Dalston,Haughan,4/8/1970,Male,85271 Prentice Trail,Staten Island,NY,10310,914-224-0703,dhaughan8i@bigcartel.com
1307,Donny,Riccardo,Tyre,12/16/1975,Male,6447 Vermont Plaza,Clearwater,FL,33758,813-109-7724,rtyre8j@amazon.co.jp
1308,Nonie,Shalne,Rosentholer,9/10/1961,Female,752 Mendota Avenue,Chattanooga,TN,37405,423-394-7558,srosentholer8k@networksolutions.com
1309,Eveleen,Mathilda,Milella,7/11/1956,Bigender,5 Mitchell Park,Charlotte,NC,28205,704-689-8738,mmilella8l@europa.eu
1310,Jud,Aylmar,Tearny,7/27/1978,Male,1911 Transport Terrace,Huntsville,TX,77343,936-448-3464,atearny8m@photobucket.com
1311,Oswald,Justin,Goutcher,12/7/1988,Genderfluid,73 Ridge Oak Circle,Saint Paul,MN,55166,651-935-8060,jgoutcher8n@usa.gov
1312,Maddie,Winfield,Gabrieli,1/31/1958,Male,991 Claremont Place,El Paso,TX,79905,915-620-8518,wgabrieli8o@printfriendly.com
1313,Bernard,My,Cammoile,4/7/1973,Male,24 Graedel Trail,Huntington,WV,25705,304-203-7853,mcammoile8p@delicious.com
1314,Sissie,Jessalyn,Damant,5/6/1990,Non-binary,20648 Raven Junction,Daytona Beach,FL,32123,386-323-0960,jdamant8q@ibm.com
1315,Wyn,Jeremiah,Bertson,9/10/1980,Male,28938 Lukken Street,Ridgely,MD,21684,410-560-8701,jbertson8r@friendfeed.com
1316,Lacey,Benedict,Olczak,3/9/1965,Genderqueer,427 Doe Crossing Drive,Philadelphia,PA,19196,215-828-0090,bolczak8s@archive.org
1317,Noreen,Quentin,Maggorini,2/27/1956,Female,40192 Ludington Trail,Lubbock,TX,79452,806-918-5548,qmaggorini8t@liveinternet.ru
1318,Tomasine,Susanna,Ritch,11/15/1984,Female,113 Green Ridge Trail,Lexington,KY,40576,859-579-7095,sritch8u@amazon.co.uk
1319,Norina,Alexa,Kearey,9/18/1958,Female,930 Morrow Way,Huntington Beach,CA,92648,949-987-7378,akearey8v@scientificamerican.com
1320,Dixie,Andrei,Lymer,12/19/1978,Female,7679 Rutledge Hill,Toledo,OH,43610,419-246-1881,alymer8w@ow.ly
1321,Tallie,Patience,Steinhammer,4/9/1975,Female,52 High Crossing Trail,Wichita,KS,67230,316-915-4214,psteinhammer8x@so-net.ne.jp
1322,Tiphanie,Virginie,Salman,10/6/1968,Female,76 Hermina Pass,Saint Paul,MN,55123,952-721-9619,vsalman8y@desdev.cn
1323,Helga,Clair,Kibel,5/17/1958,Female,27 Buhler Alley,San Diego,CA,92160,619-802-9736,ckibel8z@google.com
1324,Feliks,Clayborn,Whimp,8/9/1954,Male,981 Prairieview Drive,Washington,DC,20420,202-894-1137,cwhimp90@elpais.com
1325,Nerta,Clari,MacAughtrie,9/25/1962,Female,600 Parkside Avenue,Silver Spring,MD,20918,240-376-4415,cmacaughtrie91@ocn.ne.jp
1326,Tyne,Alaine,Roebuck,12/26/1966,Female,860 Thierer Parkway,Anchorage,AK,99512,907-733-8472,aroebuck92@naver.com
1327,Gerianne,Ofelia,Denham,6/4/1950,Female,507 Warrior Park,Brooklyn,NY,11220,718-113-0721,odenham93@zimbio.com
1328,Maressa,Felicle,Farndale,7/20/1989,Female,6 Ridgeway Trail,Colorado Springs,CO,80925,719-629-7362,ffarndale94@facebook.com
1329,Lise,Prissie,Laing,4/5/1989,Female,81318 Ridgeway Place,Waco,TX,76796,254-132-5383,plaing95@wired.com
1330,Durand,Brett,Zammett,1/31/1963,Male,7861 Prentice Junction,Midland,TX,79705,432-865-5014,bzammett96@aboutads.info
1331,Al,Kendell,Hext,2/25/1971,Male,936 Paget Pass,Irvine,CA,92717,714-341-0916,khext97@purevolume.com
1332,Romonda,Ella,Fullstone,7/10/1984,Female,41900 Muir Lane,New York City,NY,10034,917-268-0685,efullstone98@prlog.org
1333,Dorian,Boigie,Jura,7/5/1979,Male,35 Forest Run Hill,Springfield,MO,65898,417-892-5008,bjura99@tamu.edu
1334,Tan,Cosme,Haps,3/12/1957,Male,05971 Maple Alley,Saint Paul,MN,55115,952-422-0228,chaps9a@blogger.com
1335,Gary,Rochester,Docherty,3/3/1969,Male,24 Badeau Park,Saint Petersburg,FL,33715,727-798-2322,rdocherty9b@moonfruit.com
1336,Lorelei,Stevana,Heikkinen,12/20/1965,Female,7899 Muir Parkway,Port Charlotte,FL,33954,941-978-1250,sheikkinen9c@ed.gov
1337,Carce,Siegfried,Gier,5/27/1959,Genderfluid,0 Vidon Crossing,Aiken,SC,29805,803-763-1920,sgier9d@themeforest.net
1338,Ardella,Ronnica,Lindenfeld,3/19/1982,Female,55417 Katie Junction,Phoenix,AZ,85067,602-532-3039,rlindenfeld9e@cargocollective.com
1339,Maddi,Marj,Brandenburg,8/18/1972,Female,01 Old Gate Pass,San Francisco,CA,94110,562-235-2455,mbrandenburg9f@sphinn.com
1340,Alaine,Jilly,Hirsch,10/27/1983,Female,39 Pond Center,Alexandria,VA,22309,202-325-3364,jhirsch9g@dagondesign.com
1341,Allistir,Delano,Surgeoner,11/3/1977,Male,615 Parkside Alley,Gainesville,GA,30506,770-626-2206,dsurgeoner9h@dropbox.com
1342,Kristos,Alwin,Hallewell,4/8/1971,Male,35510 Linden Plaza,San Bernardino,CA,92415,760-737-7033,ahallewell9i@smh.com.au
1343,Dulcine,Mirella,Morrissey,10/24/1979,Female,051 Meadow Vale Way,Decatur,GA,30089,678-979-8193,mmorrissey9j@tuttocitta.it
1344,Nerta,Judie,Turpin,10/21/1971,Female,0 Manley Center,Pasadena,CA,91199,626-243-7803,jturpin9k@slideshare.net
1345,Buck,Tye,Dakhno,5/24/1974,Male,8 Stone Corner Parkway,Pittsburgh,PA,15286,412-151-0033,tdakhno9l@paypal.com
1346,Cicely,Catherine,Schimon,4/1/1950,Agender,980 Memorial Pass,Rochester,NY,14639,585-665-7543,cschimon9m@un.org
1347,Anatollo,Mandel,Halm,7/23/1976,Male,433 Becker Terrace,Saint Paul,MN,55115,763-940-2507,mhalm9n@rambler.ru
1348,Nikoletta,Fannie,Capper,11/30/1983,Female,059 Buena Vista Parkway,Denver,CO,80241,303-145-6032,fcapper9o@pinterest.com
1349,Blinnie,Ignace,Darbishire,6/10/1976,Genderfluid,5135 Southridge Hill,Dayton,OH,45470,937-598-1297,idarbishire9p@addtoany.com
1350,Frannie,Dagmar,Venner,7/22/1985,Female,0543 Hermina Pass,Huntington,WV,25705,304-194-5636,dvenner9q@salon.com
1351,Briano,Gerhard,Swayne,6/30/1963,Male,03680 Talisman Way,Schaumburg,IL,60193,847-857-7681,gswayne9r@globo.com
1352,Bradney,Zach,Sendley,3/24/1990,Male,7 Dennis Circle,Albuquerque,NM,87105,505-954-6211,zsendley9s@nyu.edu
1353,Elijah,Obidiah,Fost,7/13/1951,Male,83736 Kings Alley,Albuquerque,NM,87180,505-123-9966,ofost9t@washington.edu
1354,Loralee,Shay,Bewlie,4/10/1972,Female,72 Sunbrook Court,Chandler,AZ,85246,602-122-7322,sbewlie9u@kickstarter.com
1355,Valeda,Honoria,Mogridge,3/9/1957,Female,66317 Armistice Center,Sacramento,CA,94291,916-928-0755,hmogridge9v@economist.com
1356,Karyl,Laurette,Stuckey,9/26/1986,Female,31259 Hoepker Drive,San Antonio,TX,78250,210-138-7230,lstuckey9w@virginia.edu
1357,Field,My,Oake,5/28/1964,Male,4 Sycamore Hill,Washington,DC,20260,202-935-9672,moake9x@prnewswire.com
1358,Donny,Colly,Laverty,1/4/1978,Female,4 American Road,Clearwater,FL,34620,727-427-5881,claverty9y@apache.org
1359,Haze,Hugues,Hofler,5/10/1978,Male,06 Buena Vista Street,Oklahoma City,OK,73167,405-203-2732,hhofler9z@nasa.gov
1360,Rey,Lester,Belvin,8/24/1975,Male,92220 Gale Trail,Corona,CA,92878,951-202-2407,lbelvina0@chronoengine.com
1361,Glory,Fiann,Kleimt,11/8/1984,Female,07 Marquette Way,Portland,OR,97216,503-699-5728,fkleimta1@tumblr.com
1362,Lyman,Ellwood,Dobbs,6/7/1953,Agender,730 Arapahoe Way,Worcester,MA,1654,508-653-6905,edobbsa2@barnesandnoble.com
1363,Ethelyn,Lynsey,Killingsworth,1/4/1984,Female,2491 New Castle Point,Las Vegas,NV,89115,702-243-1124,lkillingswortha3@bandcamp.com
1364,Durante,Ahmad,Swannack,11/7/1981,Male,81 Waxwing Hill,Tacoma,WA,98481,253-137-8655,aswannacka4@senate.gov
1365,Andras,Carver,Mileham,1/31/1975,Male,18061 Esker Drive,Delray Beach,FL,33448,561-655-0780,cmilehama5@csmonitor.com
1366,Stacy,Chrisse,Frankiss,5/16/1958,Male,56218 Stang Place,Grand Rapids,MI,49505,616-670-2701,cfrankissa6@flickr.com
1367,Maddy,Anstice,Larderot,9/25/1965,Female,5375 Blackbird Court,Norfolk,VA,23514,757-850-9207,alarderota7@oakley.com
1368,Iolande,Hannis,Amott,10/18/1974,Female,98 Garrison Parkway,Billings,MT,59112,406-639-8400,hamotta8@berkeley.edu
1369,Eldon,Tobiah,Petracco,10/6/1966,Male,02 Fieldstone Plaza,Tampa,FL,33686,813-965-5274,tpetraccoa9@bandcamp.com
1370,Loy,Trenton,Durban,12/15/1954,Male,34 Delladonna Street,Vero Beach,FL,32969,772-104-2611,tdurbanaa@rakuten.co.jp
1371,Rhodie,Hedwig,Dwelly,11/12/1965,Female,27 Marquette Trail,Los Angeles,CA,90094,323-754-5337,hdwellyab@narod.ru
1372,Lucho,Odo,Ratt,11/12/1988,Male,68 Walton Alley,Santa Barbara,CA,93150,805-988-5202,orattac@mayoclinic.com
1373,Ogden,Panchito,O'Teague,12/6/1972,Male,4 Sauthoff Point,Boston,MA,2119,508-565-0929,poteaguead@washington.edu
1374,Cobbie,Dru,Robbel,5/21/1951,Male,5798 Pawling Court,Boise,ID,83711,208-865-6215,drobbelae@boston.com
1375,Layla,Kinna,Frape,7/17/1986,Female,024 Everett Point,Lubbock,TX,79410,806-407-6321,kfrapeaf@cdbaby.com
1376,Margarethe,Marilee,Geary,8/22/1961,Female,86743 Starling Parkway,Wichita,KS,67215,316-238-3653,mgearyag@tamu.edu
1377,Inga,Michel,Savory,4/26/1965,Female,9 Village Green Way,New Castle,PA,16107,724-679-3897,msavoryah@desdev.cn
1378,Harald,Alick,Haldane,12/23/1956,Male,92994 Stang Place,San Francisco,CA,94147,415-674-1921,ahaldaneai@dell.com
1379,Ellene,Filia,Yushin,7/2/1955,Female,5 Dwight Parkway,Visalia,CA,93291,209-313-0534,fyushinaj@goodreads.com
1380,Chrotoem,Barnett,Klishin,9/29/1989,Male,069 Jenna Court,West Palm Beach,FL,33405,772-671-6444,bklishinak@dmoz.org
1381,Aleece,Blake,Heritege,9/3/1971,Bigender,1325 Moland Terrace,Cleveland,OH,44191,216-509-3000,bheritegeal@wisc.edu
1382,Aguste,Frederigo,Bridgman,11/2/1968,Male,8616 Ramsey Lane,Saint Paul,MN,55108,651-974-5481,fbridgmanam@youtu.be
1383,Myrtice,Marga,Summerskill,8/15/1957,Female,21669 Bluejay Lane,Fairfield,CT,6825,203-593-9243,msummerskillan@blinklist.com
1384,Iorgos,Byron,Wisson,3/16/1964,Male,85919 Delladonna Way,Newport News,VA,23612,757-201-9662,bwissonao@addthis.com
1385,Neal,Kahlil,O'Keefe,12/11/1952,Male,4886 Colorado Way,Herndon,VA,22070,757-687-6489,kokeefeap@timesonline.co.uk
1386,Silvano,Allan,Lorraway,11/19/1950,Male,9 Nova Way,Albany,NY,12247,518-202-9333,alorrawayaq@nhs.uk
1387,Shannen,Dorella,Maxstead,9/7/1975,Female,3 Butternut Park,El Paso,TX,88546,915-230-3998,dmaxsteadar@slideshare.net
1388,Way,Alanson,Greasty,8/28/1975,Male,891 Evergreen Road,Arlington,VA,22205,571-864-4835,agreastyas@comcast.net
1389,Sadie,Olivette,Foulsham,12/17/1967,Female,3 Pond Way,Oklahoma City,OK,73104,405-341-6969,ofoulshamat@chron.com
1390,Ruttger,Weber,Ibbett,11/8/1979,Male,856 Pond Point,New Haven,CT,6538,203-498-2745,wibbettau@ifeng.com
1391,Adolf,Hoebart,Fysh,3/26/1959,Male,54 Dakota Court,New Orleans,LA,70149,504-413-0311,hfyshav@nps.gov
1392,Tadd,Standford,Tattersill,3/23/1976,Male,73728 Hoepker Hill,Norman,OK,73071,405-523-6108,stattersillaw@about.me
1393,Padgett,Hugh,Savege,3/17/1972,Male,98559 Loftsgordon Avenue,Decatur,IL,62525,217-160-2207,hsavegeax@themeforest.net
1394,Tedi,Jerrie,Heald,2/10/1983,Female,08 Lillian Lane,Greenville,SC,29615,864-514-1544,jhealday@engadget.com
1395,Archibaldo,Nels,MacLise,3/25/1973,Male,2895 Manley Way,Washington,DC,20046,202-224-3739,nmacliseaz@ihg.com
1396,Collen,Suzanna,Santino,6/25/1962,Female,391 Melody Plaza,Cleveland,OH,44118,216-860-8234,ssantinob0@sina.com.cn
1397,Ajay,Cherianne,Dmitrichenko,6/29/1953,Female,4072 Oneill Circle,Madison,WI,53726,608-112-4960,cdmitrichenkob1@surveymonkey.com
1398,Fred,Carmine,Grishanin,12/21/1984,Male,83 Meadow Vale Trail,Chicago,IL,60657,312-211-9937,cgrishaninb2@theatlantic.com
1399,Ashton,Pacorro,Finkle,12/31/1964,Male,4 Laurel Parkway,Alexandria,VA,22301,202-456-4886,pfinkleb3@jugem.jp
1400,Frederich,Shadow,Speares,7/10/1983,Male,6160 Northwestern Trail,Saint Paul,MN,55172,651-517-8347,sspearesb4@oracle.com
1401,Galvan,Angus,Goudy,10/8/1950,Male,47792 Bashford Alley,Houston,TX,77228,713-646-3367,agoudyb5@creativecommons.org
1402,Venita,Liz,McGaughay,12/11/1950,Female,4 Becker Pass,Baltimore,MD,21216,410-620-4063,lmcgaughayb6@sina.com.cn
1403,Rozalin,Rosamund,Cancellor,12/18/1978,Female,21369 Reinke Center,Fayetteville,NC,28314,910-456-1190,rcancellorb7@devhub.com
1404,Tamara,Rozalie,Cotherill,11/15/1951,Female,92105 Maywood Alley,Tulsa,OK,74149,918-783-5664,rcotherillb8@mozilla.org
1405,Dinny,Gael,Canti,2/17/1950,Female,51 South Place,Arlington,TX,76096,214-585-7099,gcantib9@friendfeed.com
1406,Randell,Thibaut,Prantl,5/16/1978,Male,177 Ridgeview Street,Baton Rouge,LA,70894,225-297-0187,tprantlba@comsenz.com
1407,Adaline,Quintilla,Carnduff,10/17/1954,Female,518 Sutteridge Place,Chicago,IL,60669,312-301-9272,qcarnduffbb@miibeian.gov.cn
1408,Beltran,Sutton,Rimer,3/10/1957,Male,3 Farwell Avenue,Southfield,MI,48076,313-121-9732,srimerbc@infoseek.co.jp
1409,Waly,Cathrine,Sutherington,3/28/1984,Female,387 Schmedeman Plaza,Arlington,VA,22205,703-180-2149,csutheringtonbd@oakley.com
1410,Robbie,King,Jenteau,9/1/1978,Male,46 Sage Lane,Washington,DC,20430,202-460-1424,kjenteaube@biglobe.ne.jp
1411,Anette,Lynnell,Moral,12/27/1976,Genderqueer,2 School Center,Hyattsville,MD,20784,301-842-3155,lmoralbf@arizona.edu
1412,Kat,Carey,O'Hannay,4/30/1968,Female,66 Portage Street,Miami,FL,33180,305-481-3727,cohannaybg@usda.gov
1413,Tamarah,Roseanna,Berryman,7/3/1955,Female,3 1st Point,Washington,DC,20299,202-154-6265,rberrymanbh@ustream.tv
1414,Elva,Gilly,Firmager,9/13/1973,Female,9 Mallory Circle,Washington,DC,20520,202-315-6236,gfirmagerbi@arizona.edu
1415,Jed,Fredek,Torregiani,8/26/1952,Male,188 Emmet Hill,Dayton,OH,45414,937-463-2877,ftorregianibj@webnode.com
1416,Marin,Alyosha,Giovanazzi,2/14/1988,Bigender,3321 Aberg Road,Aurora,CO,80044,303-127-1092,agiovanazzibk@facebook.com
1417,Thayne,Osbourn,Stoffers,5/31/1968,Male,580 Carpenter Point,Savannah,GA,31422,912-987-5627,ostoffersbl@salon.com
1418,Fairlie,Ignaz,Feild,1/29/1975,Male,56008 Hauk Drive,Bowie,MD,20719,240-819-4211,ifeildbm@oakley.com
1419,Manolo,Jacques,Lemmen,4/28/1967,Male,96 Harbort Terrace,San Antonio,TX,78291,210-801-1900,jlemmenbn@chron.com
1420,Lucio,Abram,Pevreal,7/5/1983,Male,684 Springs Drive,San Antonio,TX,78278,210-896-5769,apevrealbo@soundcloud.com
1421,Jecho,Bev,Connell,7/5/1961,Male,4 Warner Street,Las Vegas,NV,89120,702-728-5188,bconnellbp@bbc.co.uk
1422,Onfroi,Dwayne,Fabbro,10/2/1959,Male,98 Bartillon Point,Huntsville,TX,77343,936-603-2025,dfabbrobq@unblog.fr
1423,Bondon,Hewe,Barnhill,8/4/1985,Male,9603 Corben Junction,Humble,TX,77346,281-242-4230,hbarnhillbr@mit.edu
1424,Miller,Ellerey,Davydzenko,10/21/1970,Male,62 Superior Hill,Salt Lake City,UT,84110,801-130-6619,edavydzenkobs@nyu.edu
1425,Wood,Merill,Swenson,1/17/1981,Male,8040 Anniversary Crossing,New Haven,CT,6505,203-291-8207,mswensonbt@answers.com
1426,Dyane,Kristin,Kyncl,2/21/1964,Female,97 Monument Drive,Madison,WI,53790,608-854-6634,kkynclbu@ihg.com
1427,Gilberto,Aguistin,Stammirs,4/15/1989,Male,248 Transport Parkway,Memphis,TN,38188,901-810-3528,astammirsbv@wordpress.com
1428,Amalea,Briny,Brownsett,7/21/1979,Female,27054 Vahlen Drive,Charleston,WV,25362,304-595-3137,bbrownsettbw@netlog.com
1429,Iorgos,Borg,Tipper,7/7/1958,Male,6130 Eagle Crest Terrace,San Rafael,CA,94913,415-650-0847,btipperbx@xinhuanet.com
1430,Claudianus,Claudianus,Sargeant,1/17/1966,Male,80881 Westport Way,Lansing,MI,48919,517-687-0012,csargeantby@mit.edu
1431,Evvie,Konstantin,Parkinson,4/12/1965,Non-binary,229 Bashford Plaza,Lincoln,NE,68510,402-897-7196,kparkinsonbz@geocities.com
1432,Ketti,Cloris,Valentetti,9/13/1952,Female,4213 Division Way,Daytona Beach,FL,32118,407-670-8717,cvalentettic0@wikia.com
1433,Jeniece,Vonnie,Menzies,5/1/1971,Female,1353 Hoffman Park,Ocala,FL,34474,352-130-0757,vmenziesc1@reddit.com
1434,Corinna,Gabriell,Woolford,9/21/1970,Female,0 Dapin Avenue,Brockton,MA,2305,508-680-7109,gwoolfordc2@apple.com
1435,Rufus,Eb,Coultas,4/3/1951,Male,8 American Hill,Sacramento,CA,94245,916-952-5553,ecoultasc3@google.nl
1436,Wilfrid,Bryn,Kleinplac,6/29/1968,Male,43 Heath Trail,Wilmington,NC,28405,910-818-2787,bkleinplacc4@who.int
1437,Tremaine,Harley,Huckfield,11/12/1956,Male,12757 Di Loreto Pass,Idaho Falls,ID,83405,208-831-9690,hhuckfieldc5@virginia.edu
1438,Kennan,Der,Dreghorn,8/19/1961,Male,5 Badeau Pass,Houston,TX,77223,713-512-6661,ddreghornc6@state.gov
1439,Siward,Creight,Hillborne,4/6/1971,Male,63 Eastlawn Way,New York City,NY,10120,212-328-9027,chillbornec7@washington.edu
1440,Davine,Tootsie,Begg,11/12/1988,Female,60 Village Green Junction,San Luis Obispo,CA,93407,805-301-5503,tbeggc8@nasa.gov
1441,Bonnee,Jolene,Northcott,1/29/1965,Female,98751 Pine View Circle,Santa Cruz,CA,95064,831-155-8611,jnorthcottc9@live.com
1442,Aaron,Conney,Folkes,12/27/1963,Male,35366 Lakeland Street,San Diego,CA,92165,619-526-5052,cfolkesca@pagesperso-orange.fr
1443,Elysia,Guinevere,Daspar,12/2/1961,Female,48643 Granby Parkway,Denver,CO,80299,720-827-3400,gdasparcb@diigo.com
1444,Julina,Sile,Beggini,4/17/1969,Female,46494 Gulseth Point,Waltham,MA,2453,781-345-9251,sbegginicc@java.com
1445,Jay,Killie,Davidow,6/22/1961,Male,969 Sage Pass,Buffalo,NY,14205,716-929-2626,kdavidowcd@irs.gov
1446,Mil,Edin,Kemson,1/6/1971,Genderqueer,27085 Lotheville Drive,New York City,NY,10099,646-362-2669,ekemsonce@archive.org
1447,Donica,Odetta,McTrustie,6/22/1951,Genderfluid,4 Gale Plaza,San Diego,CA,92121,619-211-4695,omctrustiecf@liveinternet.ru
1448,Orrin,Brook,Hovert,1/26/1969,Male,96 Bunker Hill Drive,West Palm Beach,FL,33411,954-238-4555,bhovertcg@ning.com
1449,Reinold,Cross,Etoile,3/16/1968,Male,173 Melvin Crossing,Arlington,VA,22234,571-482-8029,cetoilech@lulu.com
1450,Nolana,Lauree,Radwell,11/9/1990,Female,7 Browning Trail,Kansas City,MO,64125,816-941-3664,lradwellci@blog.com
1451,Aldridge,Laurent,Seary,4/12/1958,Male,281 Jackson Park,Fullerton,CA,92835,714-386-8911,lsearycj@desdev.cn
1452,Nicol,Rab,Dufoure,7/25/1960,Male,032 Novick Park,Henderson,NV,89074,702-810-9069,rdufoureck@samsung.com
1453,Elaina,Xylina,Bowdrey,7/15/1961,Female,5759 Manley Drive,Denver,CO,80262,303-509-7753,xbowdreycl@angelfire.com
1454,Ernest,Alan,Dumberell,3/29/1968,Male,567 Sugar Crossing,Saint Augustine,FL,32092,904-848-0931,adumberellcm@imgur.com
1455,Vicki,Allegra,Mourant,3/3/1981,Female,48158 Lunder Alley,Albany,NY,12237,518-139-0814,amourantcn@globo.com
1456,Cord,Lucien,Vargas,3/29/1961,Male,50117 Pennsylvania Place,Washington,DC,20540,202-238-0436,lvargasco@dropbox.com
1457,Maryrose,Meghann,Runham,11/19/1960,Female,07 Coleman Parkway,New York City,NY,10260,212-481-1481,mrunhamcp@amazonaws.com
1458,Hazlett,Adam,Peyto,1/21/1981,Male,50 Elmside Crossing,Columbus,OH,43220,614-391-1312,apeytocq@example.com
1459,Ricoriki,Mose,Hawthorne,11/21/1962,Male,4 Homewood Avenue,Durham,NC,27710,919-342-4868,mhawthornecr@slideshare.net
1460,Sonny,Guy,Circuitt,8/19/1969,Male,375 Troy Junction,Pensacola,FL,32575,850-271-0747,gcircuittcs@hugedomains.com
1461,Riccardo,Jeromy,Morphey,6/5/1956,Male,219 Fuller Junction,Jamaica,NY,11447,718-295-2081,jmorpheyct@oracle.com
1462,Eduino,Arri,Darnbrough,3/28/1961,Male,9373 Petterle Terrace,Southfield,MI,48076,313-832-0550,adarnbroughcu@ask.com
1463,Lishe,Caroljean,Python,7/29/1959,Female,7 Goodland Hill,Santa Barbara,CA,93111,805-707-4973,cpythoncv@tamu.edu
1464,Adeline,Allegra,Pinnion,2/15/1986,Female,6 Derek Parkway,Birmingham,AL,35254,205-361-7190,apinnioncw@geocities.com
1465,Greer,Cecilla,Reihill,2/13/1963,Bigender,6334 Lakeland Lane,Washington,DC,20016,703-806-3170,creihillcx@unc.edu
1466,Carmelina,Shoshanna,Zannetti,8/20/1987,Female,618 Miller Trail,Memphis,TN,38104,615-403-0015,szannetticy@cnet.com
1467,Trip,Inglebert,Jarley,4/8/1960,Male,683 Warner Point,Worcester,MA,1610,508-557-5726,ijarleycz@reddit.com
1468,Spense,Thorin,Puller,12/21/1983,Male,312 Oak Circle,Chattanooga,TN,37405,423-549-5285,tpullerd0@xing.com
1469,Caitrin,Jenni,Severn,4/1/1985,Female,06124 Maple Wood Road,Boise,ID,83711,208-113-5103,jsevernd1@nature.com
1470,Shelley,Thaxter,Gulk,5/21/1967,Genderqueer,5955 Warbler Plaza,Boulder,CO,80305,720-191-3588,tgulkd2@cyberchimps.com
1471,Salem,Hersh,Oran,6/28/1958,Male,378 Roth Place,Milwaukee,WI,53285,414-240-8260,horand3@ocn.ne.jp
1472,Dennie,Jordan,Vaskov,9/29/1954,Male,08 Paget Alley,Shreveport,LA,71137,318-228-2924,jvaskovd4@i2i.jp
1473,Traci,Caron,Scarlan,8/22/1962,Female,37 Transport Court,Rochester,NY,14609,585-870-3255,cscarland5@pcworld.com
1474,Bud,Brucie,Rapkins,8/9/1969,Male,175 Meadow Valley Street,Memphis,TN,38114,901-424-7777,brapkinsd6@odnoklassniki.ru
1475,Nadean,Kippie,Govern,5/17/1956,Female,195 Troy Point,Sacramento,CA,94245,916-195-6772,kgovernd7@virginia.edu
1476,Theo,Kale,Zettler,7/4/1987,Male,58 Chive Hill,Lansing,MI,48930,517-421-1697,kzettlerd8@nsw.gov.au
1477,Gabriello,Bren,Batsford,6/24/1982,Non-binary,28 Lindbergh Drive,Orlando,FL,32825,954-798-1511,bbatsfordd9@cyberchimps.com
1478,Redford,Kelley,Kaplan,10/29/1982,Male,2 Aberg Terrace,Bonita Springs,FL,34135,941-835-4383,kkaplanda@posterous.com
1479,Merrilee,Gabriell,Pingstone,2/11/1975,Agender,60 Northport Street,Irvine,CA,92619,949-106-7941,gpingstonedb@kickstarter.com
1480,Rowland,Zelig,Dedman,3/15/1977,Male,7655 Rusk Trail,Laredo,TX,78044,956-921-6649,zdedmandc@discuz.net
1481,Ibrahim,Dur,Egdal,7/31/1985,Male,08 Kings Trail,Pocatello,ID,83206,208-354-2047,degdaldd@tiny.cc
1482,Brandyn,Monte,Nickels,9/8/1976,Male,9061 Leroy Trail,Miami,FL,33233,786-940-1554,mnickelsde@ft.com
1483,Timmie,Ryan,Kenealy,10/7/1953,Male,82340 Lukken Alley,Des Moines,IA,50330,515-808-4465,rkenealydf@jigsy.com
1484,Marlane,Aurel,Nanuccioi,11/23/1979,Female,035 Vermont Drive,Sacramento,CA,95833,530-212-7888,ananuccioidg@w3.org
1485,Codee,Betsey,Knotton,1/1/1977,Female,224 Cardinal Crossing,Norman,OK,73071,405-742-6059,bknottondh@4shared.com
1486,Clarie,Vanna,Ventris,12/27/1984,Female,22 Gateway Way,Indianapolis,IN,46278,317-258-6363,vventrisdi@marketwatch.com
1487,Janene,Abigael,Schoular,9/9/1955,Female,26 Rockefeller Parkway,Inglewood,CA,90310,310-327-1253,aschoulardj@statcounter.com
1488,Read,Thurstan,McKeag,8/9/1964,Male,32589 Monica Court,Huntington,WV,25775,304-621-5455,tmckeagdk@google.ru
1489,Claus,Stafford,Rawlins,2/4/1983,Male,6867 Russell Street,Sacramento,CA,94237,916-465-9637,srawlinsdl@goo.gl
1490,Elianore,Ursa,Dumphrey,12/6/1950,Female,1 Merchant Parkway,Amarillo,TX,79159,806-762-3595,udumphreydm@patch.com
1491,Ernesta,Elsie,Rasher,10/15/1981,Female,76447 5th Way,Riverside,CA,92513,951-550-4463,erasherdn@newsvine.com
1492,Maure,Caitlin,Seivwright,8/8/1952,Female,450 Briar Crest Way,Flint,MI,48550,810-587-0855,cseivwrightdo@theatlantic.com
1493,Ettore,Yves,Brummitt,3/29/1985,Male,795 3rd Court,Austin,TX,78783,512-868-9164,ybrummittdp@typepad.com
1494,Lorettalorna,Sib,O'Nowlan,11/13/1985,Female,9 Florence Crossing,Indianapolis,IN,46221,317-987-7934,sonowlandq@seattletimes.com
1495,Kass,Berthe,Strongman,12/3/1956,Female,75 Spenser Parkway,Omaha,NE,68110,402-658-2324,bstrongmandr@hhs.gov
1496,Elyse,Terese,Wisker,11/20/1984,Female,8351 Twin Pines Park,San Francisco,CA,94121,858-663-7147,twiskerds@bravesites.com
1497,Shauna,Ondrea,Bellas,11/29/1963,Female,5548 Leroy Court,South Bend,IN,46620,574-367-0717,obellasdt@xrea.com
1498,Josias,Cornelius,Linder,9/20/1951,Male,4740 Crownhardt Hill,Sacramento,CA,95894,916-813-0951,clinderdu@nps.gov
1499,Darrick,Dene,Cornu,3/2/1974,Male,42552 Aberg Plaza,Sacramento,CA,95823,510-986-7244,dcornudv@timesonline.co.uk
